{
  "pools": [
    {
      "rolls": 1,
      "entries": [
        {
          "type": "minecraft:item",
          "name": "minecraft:dirt"
        },
        {
          "type": "minecraft:item",
          "name": "minecraft:dead_bush"
        },
        {
          "type": "minecraft:item",
          "name": "minecraft:rotten_flesh"
        },
        {
          "type": "minecraft:item",
          "name": "minecraft:poisonous_potato"
        },
        {
          "type": "minecraft:item",
          "name": "minecraft:coarse_dirt"
        },
        {
          "type": "minecraft:item",
          "name": "minecraft:dried_kelp"
        },
        {
          "type": "minecraft:item",
          "name": "minecraft:spider_eye"
        },
        {
          "type": "minecraft:item",
          "name": "minecraft:stick"
        },
        {
          "type": "minecraft:item",
          "name": "minecraft:brown_dye"
        },
        {
          "type": "minecraft:item",
          "name": "minecraft:golden_pickaxe",
          "functions": [
            {
              "function": "minecraft:set_damage",
              "damage": 31
            }
          ]
        },
        {
          "type": "minecraft:item",
          "name": "minecraft:written_book",
          "functions": [
            {
              "function": "minecraft:set_name",
              "entity": "this",
              "target": "custom_name",
              "name": "Report card"
            },
            {
              "function": "minecraft:set_written_book_pages",
              "pages": [
                {
                  "text": "You suck!"
                }
              ],
              "mode": "replace_all"
            }
          ]
        }
      ]
    }
  ]
}
