{
  "pools": [
    {
      "rolls": 1,
      "entries": [
        {
          "type": "minecraft:item",
          "name": "minecraft:cake"
        },
        {
          "type": "minecraft:item",
          "name": "minecraft:emerald"
        },
        {
          "type": "minecraft:item",
          "name": "minecraft:iron_ingot"
        },
        {
          "type": "minecraft:item",
          "name": "minecraft:cooked_beef"
        },
        {
          "type": "minecraft:item",
          "name": "minecraft:golden_apple"
        },
        {
          "type": "minecraft:item",
          "name": "minecraft:apple"
        },
        {
          "type": "minecraft:item",
          "name": "minecraft:cookie"
        },
        {
          "type": "minecraft:item",
          "name": "minecraft:gold_ingot"
        },
        {
          "type": "minecraft:item",
          "name": "minecraft:bread"
        },
        {
          "type": "minecraft:item",
          "name": "minecraft:cooked_porkchop"
        },
        {
          "type": "minecraft:item",
          "name": "minecraft:name_tag"
        }
      ]
    }
  ]
}
